model,mean_score,median_score,q75_score,max_score,std_dev
microsoft,0.16102564102564104,0.0,0.25,1.0,0.25428082203058666
mistral,0.6002564102564102,0.85,0.85,1.0,0.38208925914780634
gemma,0.1135897435897436,0.0,0.1,1.0,0.21955305090639265
llama,0.4717948717948718,0.4,0.85,1.0,0.34119915727038297
