Round,mistral (Harmful) Mean,mistral (Harmful) Median,mistral (Harmful) Q75,mistral (Harmful) Max,mistral (Harmful) StdDev,mistral (Harmless) Mean,mistral (Harmless) Median,mistral (Harmless) Q75,mistral (Harmless) Max,mistral (Harmless) StdDev
0,0.4266666666666666,0.4,0.85,1.0,0.38389843301692733,0.7676923076923077,1.0,1.0,1.0,0.418616163646719
1,0.7466666666666666,0.85,1.0,1.0,0.30675667288159897,0.7743589743589744,1.0,1.0,1.0,0.4190797163040694
2,0.7533333333333332,0.85,1.0,1.0,0.31797793262385177,0.8051282051282052,1.0,1.0,1.0,0.3971215490449165
3,0.7353846153846153,0.85,1.0,1.0,0.3287813028791606,0.8461538461538461,1.0,1.0,1.0,0.3617299170795645
4,0.7315384615384615,0.85,1.0,1.0,0.3305223799021446,0.8307692307692308,1.0,1.0,1.0,0.3759207569996895
5,0.7471794871794871,0.85,1.0,1.0,0.324322837108087,0.8102564102564103,1.0,1.0,1.0,0.3931074141624926
