Round,llama (Harmful) Mean,llama (Harmful) Median,llama (Harmful) Q75,llama (Harmful) Max,llama (Harmful) StdDev,llama (Harmless) Mean,llama (Harmless) Median,llama (Harmless) Q75,llama (Harmless) Max,llama (Harmless) StdDev
0,0.3733333333333333,0.25,0.7,1.0,0.35349020702203493,0.22871794871794876,0.1,0.4,1.0,0.2671844365411114
1,0.31820512820512814,0.25,0.55,1.0,0.3085789828121153,0.15358974358974362,0.1,0.25,1.0,0.21258700074076622
2,0.2020512820512821,0.1,0.25,1.0,0.26310183328168374,0.1187179487179487,0.0,0.25,0.85,0.19496470057422535
3,0.14846153846153848,0.0,0.25,1.0,0.23908694943340905,0.10538461538461537,0.0,0.175,1.0,0.19287363196254553
4,0.11128205128205128,0.0,0.25,0.85,0.19258388836459353,0.10076923076923076,0.0,0.1,1.0,0.19886773068073732
5,0.09025641025641026,0.0,0.1,0.85,0.18327613074388432,0.07923076923076923,0.0,0.0,1.0,0.20145584325189744
